,title,cosine_sim
1,Hideaway (1995),0.46530363204852687
2,"Long Kiss Goodnight, The (1996)",0.45086692253589444
3,Martin Lawrence: You So Crazy (1994),0.44447353870099293
4,Addams Family Values (1993),0.4427655954474791
5,Immortal Beloved (1994),0.4394701741263537
